PC,variance_explained
PC1,0.36135120877467414
PC2,0.26895196314425285
